Android: how to create a 9patch image from an inputstream?,Resources,Bitmap,Drawable,NinePatchDrawable,NinePatch,Button,InputStream,Object
Array List Adapter - How to instantiate an Object?,View,ArrayAdapter,ListAdapter,ListView,,,,
how i can get width and height dimension from my customview?,View,,,,,,,
"how remove view in android	",Activity,Drawable,layout,View,Button,ImageView,String,
how to access Assets in android?,Activity,Context,InputStream,,,,,
How to add Editext and Button to Efficent Adapter which has a Icon and text,layout,View,ListView,TextView,,,,
How to add the coding for displaying the address when a particular set of latitude and longitude is selected into the following codes?,String,,,,,,,
How to animate background in Android Studio?,Drawable,Animation,,,,,,
How to capture the flip event for ViewFlipper,Animation,AnimationUtils,,,,,,
How to cast BitmapDrawable to LayerDrawable in android,Drawable,LayerDrawable,Menu,,,,,
How to change a Android.graphics.bitmap into a byte array in c#,Bitmap,,,,,,,
How to convert HttpPostedFileBase file to Java.Io.InputStream?,InputStream,,,,,,,
How to create context in android.content.Context and android.app.Activity?,Activity,Context,,,,,,
How to get the width and height of an android.widget.ImageView?,ImageView,TextView,,,,,,
how to make animatorInflater correct?,Animator,AnimatorInflater,AnimatorSet,ObjectAnimator,Interpolator,,,
How to on click create a new window in an android project on eclipse?,Activity,Bundle,layout,Menu,View,Button,,
How to Rotate TextView?,layout,TextView,,,,,,
how to sort a scala.collection.Map[java.lang.String  Int] by its values?,String,,,,,,,
How to speed up rendering with OpenGL (ES) 2 Android,Object,,,,,,,
How to use a flag in event listener callback in Android app,Activity,Bundle,,,,,,
How to make an ImageView with rounded corners?,Bitmap,,,,,,,
How to reduce the speed of RotateAnimation in Android,RotateAnimation,,,,,,,
"Android ScaleAnimation and TranslateAnimation, how to avoid ScaleAnimation movement",TranslateAnimation,ScaleAnimation,Animation,,,,,
Android: How to create a StateListDrawable programmatically,Bitmap,StateListDrawable,BitmapDrawable,,,,,
How to make TranslateAnimation update position while animating,ObjectAnimator,AnimationSet,,,,,,
How to get flag attributes from TypedArray?,TypedArray,Context,,,,,,
How to use ListAdapter in AsyncTask?,ListAdapter,ArrayAdapter,ListView,ListActivity,,,,
How do I animate Views in Toolbar when user scrolls?,ImageView,Context,View,,,,,
How to convert OutputStream to InputStream?,InputStream,,,,,,,
How to simply animate views in android,AnimatorSet,ObjectAnimator,,,,,,
