How do I get extra data from intent on Android?,Intent,,,
Android: How to catch every touch-input of the Soft Keyboard?,CharSequence,KeyEvent,,
How do I center text horizontally and vertically in a TextView on Android?,TextView,,,
How to lazy load images in ListView in Android,ListView,HashMap,Drawable,ImageView
How to add custom InputMethodService to Activity?,InputMethod,,,
How to add manifest permission to android application?,permission,,,
How to add timestamp to ContentProvider or SQLite DataBase,Cursor,URI,ContentProvider,ContentResolver
How to check if a service is running on Android?,Service,Intent,,
How To Convert A Bitmap Image To Uri,URI,Context,,
How to convert a String array to a CharSequence?,CharSequence,,,
How to create a KeyEvent,KeyEvent,,,
How to create a new Playlist using ContentResolver,Uri,Cursor,ContentResolver,
How to deal with deprecated classes in Android to keep compatibility,Context,,,
How to get current InputMethodService,InputMethodService,,,
How to get word from CurrentInputConnection in android?,TextView,InputConnection,,
How to have Android Service communicate with Activity,Intent,Service,,
"How to hide soft input Keyboard when the Navigation drawer is being toggled , using fragments",View,Context,,
How to implement read-only ContentProvider?,ContentProvider,permissions,,
How to implement ripple effect in Android KeyboardView?,KeyboardView,,,
How to know if an InputMethod is enabled?,InputMethod,,,
How to link two xml pages in Android app when a button is clicked?,Intent,,,
How to make a UITextField move up when keyboard is present?,Keyboard,,,
How to obtain AssetManager without reference to Context?,Context,,,
How to properly set InputType for EditText?,InputType,,,
How to send a KeyEvent if a gesture is detected,KeyEvent,,,
How to send and receive multiple data and data-types through Clipdata in android drag and drop?,Clipdata,View,CharSequence,
How to Set Opacity (Alpha) for View in Android,TextView,Context,,
How to test InputMethodService,InputConnection,,,
What's the best way to iterate an Android Cursor?,Cursor,,,
When does InputConnection become invalid?,InputConnection,,,
